Professor1,33,sattar.agily@outlook.com,http://JPQU6fpd1zRfZ.com,-4333852716321529912,3662095453183234636,Sattar Agily,Rubetta Pue-Gilchrist,Course11,University1,Manual36,Professor13,ResearchGroup1,University1,University1,Program1,University1,PostDoc10,University1
Professor2,46,shell.mackenzie@gmail.com,http://HuPRdHZoZ.com,732278108197296102,6782057685192130819,Shell MacKenzie,Carmelina Carignan,Course13,University1,Chair12,AssociateProfessor14,Institute17,University1,University1,Institute20,Organization1,TeachingAssistant2,University1
Professor3,44,seka.bowab@aim.com,http://OfzTVGEJjmXra.com,801649851057148224,2083319349579717041,Seka Bowab,Tonye Shrieves,Course40,University1,Schedule20,Dean18,University1,University1,University1,ResearchGroup12,College16,Specification13,University1
Professor4,48,lilllie.christian@hush.com,http://X1lr8FIb4bDqVM.com,-215774711021626890,-5194193994307107640,Lilllie Christian,Masha Corpening,Course1,University1,TechnicalReport67,Professor5,Institute10,University1,University1,Institute9,ResearchGroup10,Employee65,University1
Professor5,30,fil.taschereau@aim.com,http://dtRHIOPl7M3g.com,2383235664344652458,-681148184394821177,Fil Taschereau,Els Broschuk,Course4,University1,Lecturer25,AssistantProfessor13,Department5,University1,University1,College15,University1,AdministrativeStaff20,University1
Professor6,49,beatrice.giridharagopal@gmx.net,http://TzwAnyjztsijbF.com,6405630541336473640,8795509808516288515,Beatrice Giridharagopal,Khalid Sehmbey,Course9,University1,UndergraduateStudent184,Dean8,College95,University1,University1,Program12,Program4,Schedule10,University1
Professor7,43,hongzhi.tomar@gmail.com,http://L1xN23Qr.com,8803397429650549552,558913600933900596,Hongzhi Tomar,Cesare Thevenard,Course33,University1,Course37,VisitingProfessor7,College1,University1,University1,College100,College15,Work69,University1
Professor8,56,rodney.smyth@gmx.net,http://rE1eg.com,798708580751139838,-5115190667367101990,Rodney Smyth,Laurette Schedulers,Course10,University1,Employee25,Dean7,University1,University1,University1,ResearchGroup3,College71,TechnicalReport12,University1
Professor9,57,fritz.neyman@yahoo.com,http://n7BjfTHzBu.com,6441126207334305164,4533229812737001853,Fritz Neyman,Danya Danjean,Course10,University1,Student359,FullProfessor16,ResearchGroup4,University1,University1,College55,Department2,TeachingAssistant27,University1
Professor10,41,constantia.moxham@netdove.net,http://EwcxYiM2.com,855005678109090674,5388561752358784604,Constantia Moxham,Sheldon Subissati,Course12,University1,GraduateStudent57,AssistantProfessor1,Program12,University1,University1,ResearchGroup15,University1,ResearchAssistant56,University1
Professor11,3,feynman.coulter@aol.com,http://A3Cqwl.com,4943325368819668438,2850127314017837883,Feynman Coulter,Tabitha Kaczynski,GraduateCourse13,University1,Student476,Professor19,Institute1,University1,University1,Organization1,College68,SystemsStaff19,University1
Professor12,43,vassilis.fralick@safe-mail.net,http://WCRdj.com,-5705038715890334845,-8858690846804776510,Vassilis Fralick,Odile Linkletter,Course22,University1,Person146,VisitingProfessor4,Program5,University1,University1,ResearchGroup13,Department1,Lecturer55,University1
Professor13,30,pedro.lopes@safe-mail.net,http://b8vEE5dXaJdJeV.com,4000797579380892122,8144590834356134419,Pedro Lopes,Didier Gdowik,GraduateCourse15,University1,Publication43,AssistantProfessor13,Institute5,University1,University1,College88,ResearchGroup14,Research85,University1
Professor14,22,raina.nipper@gmx.net,http://n3LJjFMxXW8A.com,-4262968530379314424,3921414629184491822,Raina Nipper,Lachu Skwarok,Course13,University1,TechnicalReport20,Professor20,ResearchGroup3,University1,University1,University1,College18,AdministrativeStaff15,University1
Professor15,48,brynne.puckett@safe-mail.net,http://d3D8a3.com,-5852690822461762870,-8024157011299628343,Brynne Puckett,Hamzeh Kinch,Course15,University1,ConferencePaper101,AssistantProfessor7,Program5,University1,University1,ResearchGroup6,University1,UnofficialPublication16,University1
Professor16,47,caryn.adeney@hush.com,http://NtbPb.com,2283845840660798099,-6565534336800439765,Caryn Adeney,Mureil Nair,Course16,University1,TechnicalReport52,AssistantProfessor13,College64,University1,University1,ResearchGroup7,ResearchGroup7,SystemsStaff20,University1
Professor17,43,kamillah.mccoy@gmail.com,http://EKnekr4AYdcomU.com,305788617418700312,-6882502192116517106,Kamillah McCoy,Bela Whetzel,GraduateCourse12,University1,JournalArticle88,Chair9,Organization1,University1,University1,Institute20,College11,Faculty6,University1
Professor18,43,katsumi.wichman@msn.com,http://c0rlzGhIi.com,4819195888826774087,-9127383238529117682,Katsumi Wichman,Melany Hadaway,GraduateCourse27,University1,Person74,Professor9,University1,University1,University1,College68,Program9,TeachingAssistant1,University1
Professor19,22,celisse.fysh@hotmail.com,http://ikyWLxc28hH3.com,999738802609124933,5687521344479227074,Celisse Fysh,Kaia Peerman,Course23,University1,AssociateProfessor20,Professor2,Department2,University1,University1,Organization1,Department7,GraduateStudent267,University1
Professor20,16,katsumi.lovett@aim.com,http://cB1bnUFTFoyQyF.com,9205716418531524917,4492920205739413562,Katsumi Lovett,Astra Uludamar,GraduateCourse13,University1,Specification14,Dean14,College39,University1,University1,Department7,University1,ResearchAssistant48,University1
